Subject,Page Name,Purpose,Key Features,Design Theme,Navigation Links,Interactive Elements,Backend Integration,Status,Ecosystem Role,Error
/home/ubuntu/ai-bot-ecosystem/client/src/pages/AITrainingBot.tsx,AITrainingBot,This page allows users to generate personalized training plans using AI by inputting their specific training goals.,"AI-powered training plan generation, credit-based usage system, user authentication, displays user credit balance, allows saving of generated plans","Dark theme with a blue gradient background, cyan and blue accents for interactive elements, and semi-transparent white containers with a blurred effect. Emojis are used for icons.","/, /dashboard","Textarea for user prompt, 'Generate Plan' button, 'Save Plan' button, 'Sign In with ATHLYNX' button","trpc.aiCredits.getBalance, trpc.aiBots.generateTrainingPlan",Complete,"This page acts as a key feature of the ATHLYNX platform by providing users with AI-generated, personalized training plans. It integrates with the platform's credit and authentication systems, driving user engagement and offering a monetizable service.",
/home/ubuntu/ai-bot-ecosystem/client/src/pages/AdminDashboard.tsx,AdminDashboard,"This page serves as a comprehensive dashboard for administrators to monitor and manage the entire platform, providing key statistics and operational controls.","Statistics overview (orders, revenue, inquiries, products, partners, users), management tabs for inquiries, orders, products, partners, users, and access logs, role-based access control, status updates for inquiries, orders, and partners, user role management","Dark theme with a color palette of dark blue, cyan, white, and gray, with accent colors of green, yellow, purple, and pink for different data categories. The layout is a responsive grid with cards and tabs.","Overview, Inquiries, Orders, Products, Partners, Users, Logs","Tabs, Buttons, Dropdown menus for status and role updates","trpc.admin.getStats, trpc.admin.getInquiries, trpc.admin.getOrders, trpc.admin.getProducts, trpc.admin.getPartners, trpc.admin.getUsers, trpc.admin.getAccessLogs, trpc.admin.updateInquiryStatus, trpc.admin.updateOrderStatus, trpc.admin.updatePartnerStatus, trpc.admin.updateUserRole",Complete,"The Admin Dashboard is the central control panel for the AI Bot ecosystem, enabling administrators to manage all aspects of the platform, from user activity to sales and partnerships. It is essential for maintaining the health and growth of the ecosystem.",
/home/ubuntu/ai-bot-ecosystem/client/src/pages/Apps.tsx,Apps,This page serves as a central hub for users to discover and download the company's suite of mobile applications.,"App discovery, App download links, Subscription tier showcase, Launch notification form","Dark theme with a blue/purple gradient background, cyan accent color, and responsive grid layout. Each app has a unique color gradient.","/, /home, /store, /apps, /pricing","App Store download button, Google Play download button, Email input form, Notify Me button, iOS download button, Android download button","Stripe for in-app subscriptions, a mailing list service for the 'Notify Me' form.",Complete,"This page acts as the main entry point for users to access the company's mobile app ecosystem, promoting app downloads and outlining the subscription model.",
/home/ubuntu/ai-bot-ecosystem/client/src/pages/AthleteDashboard.tsx,AthleteDashboard,"The Athlete Dashboard serves as a central hub for an athlete to view their performance metrics, NIL (Name, Image, Likeness) deals, earnings, and receive AI-powered recommendations for improvement.","Overview tab with monthly earnings, deal status, and FUEL Bot insight,NIL Deals tab to browse and manage deals,FUEL Bot AI tab with personalized recommendations,Performance tab with key metrics and overall score,Earnings tab with history","Dark theme with a slate gradient background. Accent color is cyan, with green, yellow, and purple highlights. The layout is a dashboard with cards and tabs.","/,Settings","Tabs,Settings button,View Plan button,Browse Opportunities button,Details button,Start Now button,Log Workout button",None,Partial,"This page is a core component of the ATHLYNX platform, providing athletes with a comprehensive view of their career and performance. It empowers them to manage their NIL deals, track their progress, and receive AI-driven guidance.",
/home/ubuntu/ai-bot-ecosystem/client/src/pages/AthletePlaybook.tsx,AthletePlaybook,"This page serves as a comprehensive guide for athletes, offering strategies to enhance their recruitment visibility, build a strong media presence, and connect with global opportunities.","Build Your Media Presence, Boost Recruiting Visibility, Connect Globally, Share Your Schedule, Compare Recruiting Efforts, Master Communication, Success Stories","The page uses a gradient background, a blurred backdrop header, and a primary color for highlights, titles, and buttons. The layout is a single-column design utilizing Card components for structured content presentation.","/, /playbook, /transfer-portal, /nil-marketplace, /messages, /about, /team","Log In button, Sign Up Free button, Get Started Free button, Download Full Playbook (PDF) button, Tabs, Create Free Account button, Download Playbook PDF button",None,Complete,"This page acts as a key informational and marketing resource within the Athlynx ecosystem. It is designed to educate athletes on valuable success strategies, encouraging them to register and engage with the platform's tools and services.",
/home/ubuntu/ai-bot-ecosystem/client/src/pages/Capabilities.tsx,Capabilities,"This page provides a detailed comparison of capabilities across all AI bots in the ecosystem, helping users understand the specific functions of each bot.","Capability matrix, Key feature descriptions, Detailed capability comparison table","The page uses a card-based layout with a table for the capability matrix. It utilizes a color scheme with blue, purple, green, orange, and red to differentiate the various bots.","Home, Team Bots, Capabilities, Implementation","Navigation links, Hover effects on cards and links",None,Complete,"This page acts as a reference guide for users to compare the functionalities of different AI bots within the ecosystem, enabling them to select the most appropriate bot for their requirements.",
/home/ubuntu/ai-bot-ecosystem/client/src/pages/Careers.tsx,Careers,This page lists available job openings at Dozier Holdings Group and allows users to submit their applications directly through the website.,"Job listings, Application form, Benefits section, Why Join DHG section","Dark theme with a blue-to-black gradient background and cyan as the primary accent color. The layout is a single-column, centered design with job listings presented in a card-based format.",/dhg,"Apply Now buttons, Application form, Close modal button, Mailto link",None,Complete,"This page serves as the primary recruitment portal for Dozier Holdings Group, enabling the company to attract and hire talent to support the growth and development of its various projects and platforms.",
/home/ubuntu/ai-bot-ecosystem/client/src/pages/ComingSoon.tsx,ComingSoon,A placeholder page to inform users about a feature or page that is under development and will be launched in the future.,"Displays a customizable title, description, and icon, Features a 'COMING SOON' badge, Announces a launch date, Provides CTA buttons to join a waitlist or explore the platform",Dark theme with a gradient background from slate-900 to blue-900. Uses yellow and cyan for highlights and calls to action.,"/, /home","Join VIP Waitlist button, Explore Platform button",None,Placeholder,"This page acts as a standardized placeholder for upcoming features, managing user expectations and providing clear navigation options to either join a waitlist or return to the main platform.",
/home/ubuntu/ai-bot-ecosystem/client/src/pages/ComponentShowcase.tsx,ComponentShowcase,"This page serves as a comprehensive showcase for the 'shadcn/ui' component library, demonstrating the visual styling and functionality of various UI elements.","Accordion, Alert, AspectRatio, Avatar, Badge, Breadcrumb, Button, Calendar, Card, Carousel, Checkbox, Collapsible, Command, ContextMenu, Dialog, Drawer, DropdownMenu, HoverCard, Input, InputOTP, Label, Menubar, Pagination, Popover, Progress, RadioGroup, ResizablePanel, ScrollArea, Select, Separator, Sheet, Skeleton, Slider, Switch, Table, Tabs, Textarea, Toggle, ToggleGroup, Tooltip, AIChatBox","The page features a modern, clean design with a themeable color scheme (light and dark modes), likely built with Tailwind CSS. It showcases a variety of text and background colors for different states and components.",None,"Accordion, Button, Calendar, Carousel, Checkbox, Collapsible, Command, ContextMenu, Dialog, Drawer, DropdownMenu, HoverCard, Input, InputOTP, Menubar, Pagination, Popover, RadioGroup, Select, Slider, Switch, Tabs, Textarea, Toggle, ToggleGroup, AIChatBox",tRPC (trpc.ai.chat.useMutation),Complete,"This page acts as a developer resource and style guide, providing a visual reference for all available UI components to ensure a consistent user experience across the AI Bot Ecosystem.",
/home/ubuntu/ai-bot-ecosystem/client/src/pages/Contact.tsx,Contact,"This page allows users to contact Dozier Holdings Group for inquiries related to ATHLYNX, partnerships, or investments.","Contact form with selectable inquiry types, Direct contact information (Email, Phone, Location, LinkedIn), Quick links to other relevant pages, Displays expected response time","Dark theme with a blue gradient background and cyan as the accent color for links, buttons, and highlights. The layout is a two-column grid.","/dhg, /investor-deck, /partner-portal, /careers, /team","Contact form, Inquiry type selection buttons, Form submission button, 'Send Another Message' button, Links for email, phone, and LinkedIn",None,Complete,"This page serves as the main contact point for external users, guiding them to relevant information or enabling direct communication with the company. It links to important sections of the ecosystem for investors, partners, and job seekers.",
/home/ubuntu/ai-bot-ecosystem/client/src/pages/DHGCorporate.tsx,DHGCorporate,"This page serves as the corporate homepage for Dozier Holdings Group (DHG), detailing its role as a parent company and its investment activities across technology, real estate, and trading sectors.","Hero section with company overview and key statistics, Executive leadership profiles, Filterable portfolio of subsidiary companies, Highlights of technology investments, Embedded corporate videos, Call-to-action for consultation and portfolio viewing","Dark theme with a primary background color of #0a1628, accented with gradients of blue, cyan, emerald, and green. The layout is responsive and uses grid displays for content blocks.","/, /softmor, /project-management, dozierholdingsgroup.com, dozierholdingsgroup.com/contact.html, dozierholdingsgroup.com/portfolio.html","Filter buttons for subsidiaries, Navigation links, Video player controls",None,Complete,"This page acts as the central corporate hub for the DHG ecosystem, providing a comprehensive overview of the parent company, its leadership, and its diverse portfolio of businesses. It establishes the corporate identity and introduces the various divisions and companies under the DHG umbrella.",
/home/ubuntu/ai-bot-ecosystem/client/src/pages/Dashboard.tsx,Dashboard,"A personal dashboard for users to manage their account, subscription, AI credits, and view their activity on the platform.","Subscription management, AI credit tracking and purchasing, Recent activity feed, Order history, Saved players list, Account settings","Dark theme with a blue/purple gradient background, glassmorphism effects, and accent colors of yellow, orange, and cyan.","/, /home, /store, /dashboard, /diamond-grind","Sign In button, Tab buttons, Upgrade subscription button, Buy credits buttons, View profile buttons, Account settings form (Display Name, Email, Password), Update Profile button, Change Password button, Logout button","tRPC (intended, currently using mock data), useAuth() for authentication",Partial,"Serves as the central hub for authenticated users to manage their account, track AI feature usage, view purchase history, and navigate to other key areas of the ecosystem.",
/home/ubuntu/ai-bot-ecosystem/client/src/pages/DiamondGrind.tsx,DiamondGrind,"An elite baseball platform for player rankings, recruiting, tournaments, and AI-powered training.","Player rankings, Player search and filtering, Tournament listings, Training programs, Player profile creation, AI-powered coaching","Dark theme with a blue color scheme, using gradients and modern UI elements.",ATHLYNX,"Create Profile form, Player search and filter inputs, 'Create Free Profile' button, 'Browse Players' button, 'Activate AI Coach' button, Tournament registration buttons, Navigation tabs",None,Partial,"A specialized sub-platform within the Athlynx ecosystem, focused on providing a comprehensive baseball talent development and recruitment service.",
/home/ubuntu/ai-bot-ecosystem/client/src/pages/EarlyAccess.tsx,EarlyAccess,"A pre-launch landing page for ATHLYNX, designed to capture early access sign-ups from users interested in the upcoming athlete success platform.","Early access signup form, Countdown timer to launch, Limited founding member spots, Showcase of related applications","Dark blue gradient background with cyan and blue accents, centered single-column layout, and prominent branding.",/success,"Email input, Phone input, Role selection buttons, Sport selection buttons, Submit button",trpc.vip.signup.useMutation,Complete,"This page serves as the primary user acquisition channel for the ATHLYNX platform before its official launch, filtering and collecting a base of early adopters.",
/home/ubuntu/ai-bot-ecosystem/client/src/pages/EmpireVision.tsx,EmpireVision,"This page outlines the vision of Dozier Holdings Group (DHG) to build a complete ecosystem around athletes, starting with the ATHLYNX platform, and compares this vision to the growth of Amazon and McDonald's.","Comparison with 'Empire Builders' like Jeff Bezos and Ray Kroc,Showcase of the 'Complete Ecosystem' with various verticals,Details on the 'AI-Powered Everything' aspect,Information about the 'Social Media Empire' ATHLYNX is building,A 'Roadmap to Empire' timeline from 2024 to 2030,Call-to-action buttons to view the investor deck, become a partner, or join the team","The page uses a dark theme with a gradient background from dark blue to black. It uses cyan, blue, and white as primary text colors, with accents of orange, yellow, red, green, purple, pink, and indigo for different sections and elements. The layout is a single-page design with multiple sections.","/dhg,/fuel-bots,/investor-deck,/partner-portal,/careers","Back to DHG link,Explore FuelBots AI button,View Investor Deck button,Become a Partner button,Join the Team button",None,Complete,"This page serves as a high-level overview of the company's grand vision and long-term strategy. It's designed to inspire and attract investors, partners, and potential employees by showcasing the massive potential of the athlete-centric ecosystem.",
/home/ubuntu/ai-bot-ecosystem/client/src/pages/Faith.tsx,Faith,"A faith-based community hub for the Fellowship of Christian Athletes, providing daily inspiration, community prayer, and spiritual growth for athletes.","Daily Devotional, Podcast, Blog, Prayer Wall, Testimonies, Verse of the Day, Stats","Dark theme with a gradient from slate-900 to purple-950. Amber and purple are accent colors. Uses lucide-react for icons, a cross pattern background, and glowing orbs. The layout includes a hero section, tabs, and cards.",/founder-story,"Content tabs, Prayer request form, 'I Prayed' button, 'Comment' button, 'Share' button, Submit testimony dialog","trpc.fca.getTodayDevotional, trpc.fca.getDevotionals, trpc.fca.getPodcasts, trpc.fca.getBlogPosts, trpc.fca.getPrayerRequests, trpc.fca.getTestimonies, trpc.fca.getTodayVerse, trpc.fca.getStats, trpc.fca.submitPrayerRequest, trpc.fca.prayForRequest, trpc.fca.submitTestimony",Complete,"This page serves as a spiritual hub within the ATHLYNX ecosystem, offering faith-based resources and a supportive community for Christian athletes to foster spiritual growth and connection.",
/home/ubuntu/ai-bot-ecosystem/client/src/pages/FounderStory.tsx,FounderStory,"This page tells the personal story of the founder, Chad A. Dozier, detailing his journey as an athlete, the challenges he faced, and the inspiration behind founding the Dozier Holdings Group and its associated platforms.","Founder's biography timeline, Personal testimony and mission statement, Photo gallery placeholders","Dark theme with a gradient background (slate-900, blue-900), with cyan, yellow, and red text for highlights. The layout is a vertical timeline with card-based sections.",None,Photo gallery placeholders,None,Partial,"This page provides the foundational narrative for the entire ecosystem, explaining the mission and values that drive the company. It aims to build a strong emotional connection with users by sharing the founder's personal story of overcoming adversity.",
/home/ubuntu/ai-bot-ecosystem/client/src/pages/FuelBots.tsx,FuelBots,"A marketing and informational page for 'Fuel Bots', which are autonomous AI companions designed to revolutionize athletic performance, industrial operations, and critical infrastructure.","AI-powered drill running, real-time coaching, rapid AED delivery, equipment transport, 24/7 training availability, performance data collection, server rack inspection, environmental condition tracking, pipeline inspection, leak detection, security patrol automation, predictive maintenance alerts","Dark theme with a gradient from slate-950 to slate-900. It uses bright accent colors like cyan, blue, orange, and green for buttons, badges, and highlights. The layout is a modern single-page design with sections for different aspects of the product.","NIL Portal, Fuel Candy","Industry selection buttons, Schedule Demo button, University Pilot Program button, Apply Now button, Book Demo button, Learn More button, Sign Up button",None,Placeholder,"Fuel Bots is one of the three core pillars of the Dozier Holdings Group's ecosystem, alongside the NIL Portal and Fuel Candy. It serves as the physical hardware component of their 'OS for modern athletes' and industrial solutions.",
/home/ubuntu/ai-bot-ecosystem/client/src/pages/Home.tsx,Home,"The main landing page for the ATHLYNX platform, which is described as 'The #1 Sports Platform' and 'The Athlete's Playbook'. It introduces the platform's flagship products and features.","Social Feed, Messaging, NIL Deals, Training, Analytics, 15+ Sports, Recruiting, Store","Dark blue gradient background with cyan and blue accents, a subtle blue glow overlay, and a modern, tech-oriented style.","/nil-portal, /diamond-grind, /messenger, /founder-story, /store, /recruiting, /faith, /transfer-portal-intelligence, /military-division, /dhg, /softmor, /investor-hub, /hub, /","Links with hover effects, 'Get VIP Access' button, Clickable app cards, Action buttons for 'Social Feed', 'Messenger', and 'Diamond Grind'",None,Complete,"This page is the central hub of the DHG ecosystem, introducing the 'ATHLYNX' platform and providing navigation to all its sub-applications and related pages. It acts as the main entry point for users to understand the value proposition and explore the different parts of the ecosystem.",
/home/ubuntu/ai-bot-ecosystem/client/src/pages/Implementation.tsx,Implementation,"This page outlines the 14-week implementation roadmap for deploying the AI Bot Ecosystem across Dozier Holdings Group, detailing the plan from initial setup to full-scale optimization.","Implementation Timeline, Detailed Phase Breakdown, Key Tasks, Deliverables, Critical Success Factors","The page uses a professional and clean design with Card components for structure, Badge components for status indicators, and icons from lucide-react for visual cues. The color scheme is based on a primary color with background and muted tones.","Home, Team Bots, Capabilities, Implementation","Navigation links, Hover effects on phase cards",None,Complete,"This page serves as the strategic guide for the AI Bot Ecosystem's deployment, providing a clear timeline and deliverables for stakeholders and team members to ensure a coordinated and successful rollout.",
/home/ubuntu/ai-bot-ecosystem/client/src/pages/InvestorDeck.tsx,InvestorDeck,"This page serves as an investment proposal for Dozier Holdings Group (DHG), showcasing the company's ecosystem, market opportunity, revenue model, and strategic partnerships to potential investors.","Company Overview, Market Opportunity, Revenue Model, Strategic Partnerships, Call to Action","The page uses a dark, futuristic theme with a gradient background from dark blue to black. It uses a bright color palette for highlights, including cyan, yellow, green, and purple, to draw attention to key metrics and sections. The layout is a single-page design with clear sections and uses cards to present information.",None,"Investment interest form, Submit Interest button",None,Partial,"This page is the primary tool for attracting investment into the DHG ecosystem. It provides a comprehensive overview of the entire business, its market, and its financial strategy, acting as a digital prospectus for potential investors.",
/home/ubuntu/ai-bot-ecosystem/client/src/pages/InvestorHub.tsx,InvestorHub,A central portal for investors to find information and documentation about the Dozier Holdings Group portfolio.,"Investment Opportunities, Key Metrics, Executive Leadership, 2025 Roadmap, Investor CTA","Dark theme with a blue/black linear gradient background. Cyan is used as the primary accent color for text, borders, and interactive elements, creating a modern, tech-focused aesthetic.","/investor/athlynx-pitch, /investor/athlynx-pl, /investor/athlynx-prospectus, /dhg, /investor/dhg-pitch, /investor/dhg-prospectus, /softmor, /investor/softmor-pitch, /investor/softmor-pl, /vip","Links to pitch decks, financial documents, buttons to schedule meetings and view corporate structure",None,Complete,"This page serves as the main hub for potential investors to explore the Dozier Holdings Group's portfolio, review key financial data, and access detailed investment documents. It is the central point for fundraising and investor relations.",
/home/ubuntu/ai-bot-ecosystem/client/src/pages/MediaShowcase.tsx,MediaShowcase,A media-rich landing page designed to introduce and showcase the 'Athlete's Playbook' ecosystem.,"Hero section with introductory title, App icons linking to different applications, Video gallery with a main player and thumbnails, Links to VIP early access and project management","Dark theme with black and slate backgrounds, accented with golden/yellow and cyan colors, featuring gradient effects and a modern, sleek style.","/home, /nil-portal, /messages, /diamond-grind, /nil-marketplace, /, /project-management","Enter Site button, App icon links, Video player with controls, Video thumbnail selection buttons, VIP Early Access button, Project Management button",None,Complete,"This page serves as the primary marketing and entry point for the ATHLYNX/Athlete's Playbook ecosystem, showcasing its various applications and directing users to them.",
/home/ubuntu/ai-bot-ecosystem/client/src/pages/Medical.tsx,Medical,"Connect with top sports medicine doctors, physical therapists, and recovery specialists trusted by pro athletes.","Filter medical services, View medical providers, Access injury recovery resources, Telehealth services information, Emergency care banner",Dark theme with a blue gradient background and red accent color. Single-column layout with a fixed header.,"/, /home, /store, /medical, /pricing","Service filter buttons, Get Help Now button, Book Now button, Profile button, Start Virtual Visit button, Injury resource cards",None,Complete,"This page serves as the medical hub for the ATHLYNX platform, providing athletes with resources to find medical professionals, get information on injuries, and access telehealth services.",
/home/ubuntu/ai-bot-ecosystem/client/src/pages/Messages.tsx,Messages,"A messaging application that allows users to send and receive messages, acting as a communication hub for athletes, coaches, brands, and media.","Conversation list with search and filtering, Chat area, Message input with send button, Online status display, Unread message count, Verified user indicator, New message creation, Mobile responsive view","Dark theme with a linear gradient background (dark blue shades). Cyan is the primary accent color for buttons, borders, and highlights. Text is white and gray.","/, /","Search input, Filter buttons, New Message button, Clickable conversation list, Message input field, Send message button, Phone call button, Video call button, File attachment button, Image attachment button, Emoji button, Notification button, Settings button",None,Placeholder,"This page serves as the central communication hub within the DHG ecosystem, connecting athletes with coaches, brands, and media for NIL opportunities and other interactions.",
/home/ubuntu/ai-bot-ecosystem/client/src/pages/MilitaryDivision.tsx,MilitaryDivision,The first-ever NIL platform that connects college athletes with military service opportunities while supporting our veterans through their entire journey.,"Military NIL Sponsorships, ROTC Athlete Program, Military Academy Support, Officer Candidate Connections, VA Benefits Navigator, Disability Claims Assistance, GI Bill Optimization, Healthcare Coordination, Mental Health Resources, Career Transition Services, Veteran-Owned Business Support, Battle Buddy System, Leadership Development, Life Skills Training, Career Guidance, Speaker Series","Dark theme with a blue-to-black gradient background, with red, blue, green, and yellow as accent colors. The layout is a single-column with a fixed header.","/, /home, /careers, /military-division, /faith, /veterans","Tabs for Pipeline, Support, and Mentorship, Navigation links",None,Complete,"This page serves as a dedicated portal for the military division of the platform, aiming to connect athletes with military opportunities and provide support for veterans. It's a key part of the ecosystem that bridges the gap between college athletics and military service.",
/home/ubuntu/ai-bot-ecosystem/client/src/pages/Music.tsx,Music,"This page provides curated music playlists and podcasts specifically designed for athletes to listen to during workouts, game days, and training sessions.","Playlist filtering by genre, Curated workout playlists, Pro-athlete playlists, Sports podcasts, Now playing music controls, Premium subscription upsell","A modern, dark-themed design with a gradient background of dark blue and black. The primary accent color is purple, with secondary uses of pink, cyan, and yellow. The layout is a single-column, centered design using grids to display content cards.","/, /home, /store, /music, /pricing","Genre filter buttons, Play/pause buttons on playlists, Music playback controls (previous, play, next), 'Upgrade to Premium' button",None,Complete,"This page acts as the central hub for all audio content within the ATHLYNX ecosystem, aiming to enhance the athlete's training experience and motivation through curated music and podcasts.",
/home/ubuntu/ai-bot-ecosystem/client/src/pages/NILMarketplace.tsx,NILMarketplace,"This page allows athletes to browse and apply for NIL (Name, Image, and Likeness) deals from various brands, providing a marketplace for monetization opportunities.","Search and filter NIL deals, Browse deals by category, View featured opportunities, View deal details (brand, value, requirements, deadline), Apply to deals","The page uses a gradient background, with a primary color for highlights, calls to action, and featured content. The layout is a clean, single-column design with card-based elements for displaying information.","/, /playbook, /transfer-portal, /nil-marketplace, /messages","Search input, Filter button, Category buttons, Apply Now buttons, Log In button, Sign Up Free button",None,Complete,"This page serves as a marketplace for athletes to connect with brands for NIL (Name, Image, and Likeness) deals, enabling them to monetize their personal brand.",
/home/ubuntu/ai-bot-ecosystem/client/src/pages/NILPortal.tsx,NILPortal,"A comprehensive portal for athletes to manage their Name, Image, and Likeness (NIL) deals, track performance analytics, build a professional network, and access educational resources.","NIL Deal Management, Performance Analytics, Professional Network, Education & Resources, Video Gallery","Dark theme with a gradient from gray-900 to cyan-900. Accent colors include green, cyan, purple, and orange for feature sections.","/home, /, /founder-story, /messenger, /diamond-grind","Join Waitlist button, Claim Your Spot button, Video player controls, Footer navigation links",None,Coming Soon,"Serves as the primary marketing and pre-launch landing page for the NIL Portal, designed to attract athlete-entrepreneurs and encourage them to join a waitlist before the official launch in February 2026.",
/home/ubuntu/ai-bot-ecosystem/client/src/pages/NotFound.tsx,NotFound,This page is displayed when a user tries to access a URL that does not exist within the application.,"404 error display,Not found message,Go Home button",The page uses a gradient background from light slate to a slightly darker slate. It features a card-based layout with a prominent red alert icon and a blue 'Go Home' button.,/ (Home),Go Home button,None,Complete,"This page serves as the application's 404 error handler, ensuring that users who navigate to an invalid page are met with a user-friendly message and a clear path back to the homepage.",
/home/ubuntu/ai-bot-ecosystem/client/src/pages/PartnerPortal.tsx,PartnerPortal,"A secure portal for DHG's strategic partners to access exclusive partnership materials, quotes, and proposals after authenticating with a unique access code.","Partner authentication, Document listing and filtering, Document download, Download logging, Display of partner information, Sign out","Dark theme with a blue and cyan color scheme, using card-based layouts and icons for a modern, tech-oriented look.",mailto:partnerships@dhg.com,"Access code input, 'Access Portal' button, Category filter buttons, 'Download' button, 'Sign Out' button","trpc.partners.authenticate, trpc.partners.getDocuments, trpc.partners.logDownload",Complete,"This page serves as a secure, external-facing portal for B2B partners, providing controlled access to confidential documents and resources that are not available to the public.",
/home/ubuntu/ai-bot-ecosystem/client/src/pages/Pricing.tsx,Pricing,"This page presents the different subscription tiers and pricing options available for the ATHLYNX platform, enabling users to select a plan and proceed with the subscription process.","Subscription tier comparison,Monthly/annual billing toggle,AI credit pack purchasing,Email collection modal,Stripe checkout integration","The page features a dark theme with a blue gradient background. Key elements are highlighted with yellow and orange gradients, while the AI credits section uses cyan accents. The layout is a responsive grid for the pricing cards.","/,/home,/store,/pricing,/ai-credits","Billing cycle toggle,Subscription buttons,Credit pack purchase buttons,Email input modal,Checkout button","trpc.stripe.createSubscriptionCheckout, trpc.stripe.createCreditsCheckout",Complete,"This page is the central point for monetization within the ATHLYNX ecosystem. It allows users to upgrade their accounts to unlock premium features or purchase AI credits, which are essential for using the platform's advanced functionalities.",
/home/ubuntu/ai-bot-ecosystem/client/src/pages/ProjectChecklist.tsx,ProjectChecklist,"A project checklist and launch tracker for the ATHLYNX project, displaying overall progress, project phases, and task statuses.","Overall project progress bar, countdown to launch date, collapsible project phases with individual progress, task status display (done, in-progress, pending), quick stats section","Dark theme with a color palette of dark blue, cyan, green, and yellow. Uses icons for visual cues and has a single-column layout.","/, /dhg, /softmor, /pm, /media, /hub, /investor-hub, /team, /athlete-dashboard, /nil-portal, /nil-marketplace, /diamond-grind, /messages, /transfer-portal, /founder-story, /apps, /pricing, /store, /careers, /medical, /training, /veterans, /music, /faith, /military-division, /home","Collapsible phase sections, Links to view tasks",None,Complete,"This page acts as a transparent, internal-facing dashboard for tracking the development progress of the entire ATHLYNX ecosystem. It provides a high-level overview of all the components and their completion status, ensuring all stakeholders are aligned on the project's trajectory towards its launch.",
/home/ubuntu/ai-bot-ecosystem/client/src/pages/ProjectManagement.tsx,ProjectManagement,"A project management dashboard for Dozier Holdings Group to display project status, company portfolios, platform features, team members, and project timelines.","Dashboard with statistics cards, Quick Actions navigation, Project launch timeline, Tabbed interface for different sections, Lists of companies by sector, Platform feature status tracking, White-label app status, Team and advisor roster, Immediate priorities checklist","Dark theme with a slate-blue gradient background and cyan as the primary accent color for borders, links, and highlights. Status badges are color-coded (e.g., green for 'live', blue for 'built').","/, /home, /nil-portal, /diamond-grind, /messages, /transfer-portal-intelligence, /faith, /military-division, /store, /pricing, /founder-story, /court-kings, /gridiron-nexus, /pitch-pulse, /reel-masters, /fairway-elite, /hunt-pro","Tabs (Overview, Companies, Platform, Team, Timeline), Buttons (Back to Platform, Quick Actions), Checkboxes (Immediate Priorities), Links to other pages",None,Complete,"This page serves as an internal project management dashboard for the Dozier Holdings Group, providing a centralized overview to track the progress of their various companies, platform features, and overall project timeline.",
/home/ubuntu/ai-bot-ecosystem/client/src/pages/ProjectPlaybook.tsx,ProjectPlaybook,"A project status dashboard that uses a baseball analogy to track the development progress of the ATHLYNX platform, detailing completed features, work in progress, future plans, and the overall launch timeline.","Tabbed navigation for different project phases (Starting Lineup, Bench, Farm System, Game Schedule), Visual baseball diamond for completed features, Lists of completed, in-progress, and future development items, Launch timeline and schedule, Live backend deployment status banner","Dark theme with a blue-gradient background. Uses accent colors like cyan, yellow, green, and orange. Features a prominent baseball theme with a baseball emoji logo, a visual baseball diamond layout, and terminology like 'Starting Lineup' and 'Farm System'.","/, https://athlynx-backend-production.up.railway.app","Tab buttons (Starting Lineup, Bench, Farm System, Game Schedule), Link to live backend application, Link to VIP Access page","The page links to a live backend on Railway (athlynx-backend-production.up.railway.app). While the page itself doesn't make API calls, the 'Database & Authentication' feature description implies backend functionality including MySQL, user authentication, and Stripe integration.",Complete,"This page serves as an internal or stakeholder-facing project management and status tracking tool for the ATHLYNX platform. It provides a clear, high-level overview of the project's progress, roadmap, and launch timeline, using a creative baseball metaphor to organize the information.",
/home/ubuntu/ai-bot-ecosystem/client/src/pages/QuickLinksHub.tsx,QuickLinksHub,Serves as a central dashboard for users to navigate to the various applications and systems within the NIL Portal ecosystem.,"Categorized list of systems, Icon, name, and description for each system, Highlighted featured application, Quick overview of the ecosystem","Dark theme with a linear gradient background, blue accents for headings and links, and a grid-based layout for system cards with hover effects.","/, /apps, /messages, /transfer-portal, /dashboard, /project-management, /nil-marketplace, /media, /athlete-dashboard, /ai/training, /medical, /diamond-grind, /dhg, /softmor",System link cards with hover effects,None,Complete,"This page acts as the central navigation hub for the entire NIL Portal ecosystem, providing users with a visual map of all available applications and services.",
/home/ubuntu/ai-bot-ecosystem/client/src/pages/SigningDay.tsx,SigningDay,"A hub for ""National Signing Day,"" allowing users to watch live streams of athletes announcing their college commitments, view upcoming signing events, and see recent commitments.","Live streaming of athlete commitment announcements, Sport-based content filtering, Upcoming signing day event listings, Recent commitment feed, Statistics on live streams, viewers, and commitments, CTA for athletes to schedule their own announcement streams","Dark theme with a purple-to-blue-to-cyan gradient background. Utilizes blurred, semi-transparent cards and accent colors of cyan, red, green, and purple for interactive elements and icons.",None,"Sport filter buttons, Watch Live button, Notify Me button, Watch Announcement button, Schedule Your Stream button, Learn More button",None,Complete,"This page acts as a central hub for the significant 'National Signing Day' event in sports recruiting, aiming to boost user engagement and retention through live and recent content. It also serves as a content acquisition funnel by encouraging athletes to stream their announcements on the platform.",
/home/ubuntu/ai-bot-ecosystem/client/src/pages/Softmor.tsx,Softmor,"This page provides an overview of Softmor, Inc., the technology division of Dozier Holdings Group, showcasing their software development and technology solutions for athlete success.","ATHLYNX ecosystem, NIL Portal, Diamond Grind, NIL Messenger, FUEL Bots, White-Label Sport Apps, Softmor Videos","Dark theme with a background color of #0a1628, white text, and cyan as the primary accent color. It features gradient backgrounds from cyan to blue.","/, /dhg, /nil-portal, /diamond-grind, /messenger, /fuel-bots, /playbook, https://dozierholdingsgroup.com/softmor.html","Navigation links, buttons, external links, video players",None,Complete,"This page serves as the main entry point for Softmor, Inc., detailing its mission, products, and technological capabilities within the Dozier Holdings Group ecosystem. It directs users to various product pages and the corporate site.",
/home/ubuntu/ai-bot-ecosystem/client/src/pages/Store.tsx,Store,"An e-commerce page for purchasing a wide variety of products, from sports equipment to enterprise data center solutions, including hardware, software, and AI companions.","Product listing with categories, Shopping cart, Product filtering by category, Contact sales modal for enterprise products, Static product data","Dark theme with a black background, using yellow and cyan as accent colors for buttons and highlights. Products are displayed in a grid layout on cards with a blurred background effect.","/, /bots, /data, /pricing","Category filter buttons, Add to Cart buttons, Get Quote buttons, Shopping cart display, Contact Sales Team button, ContactSalesModal","tRPC is used for backend communication, including `createCheckoutSession` and `saveCart` mutations. The `useAuth` hook is used for authentication.",Complete,"This page serves as the central marketplace for the DHG ecosystem, offering a diverse range of products from physical sports equipment to high-tech enterprise solutions. It integrates with the authentication and payment systems to provide a seamless purchasing experience.",
/home/ubuntu/ai-bot-ecosystem/client/src/pages/Success.tsx,Success,This page serves as a confirmation message for users who have successfully applied for VIP Beta access to the ATHLYNX platform.,"Displays a success message, Informs users to check their email for login credentials, Outlines the application review process, Displays the user's access code if available","Dark theme with a diagonal gradient from yellow to black to cyan, featuring animations and drop shadows.",None,None,None,Complete,"This page acts as a post-conversion confirmation and onboarding step, setting user expectations after they have requested VIP access.",
/home/ubuntu/ai-bot-ecosystem/client/src/pages/Team.tsx,Team,"This page introduces the leadership team, executives, advisors, and board structure of Dozier Holdings Group.","Leadership e-cards, Executive and advisor listings, Board of directors structure, vCard download functionality","Dark theme with a blue/cyan color scheme, gradient backgrounds, and card-based layout.","/dhg, /careers, /investor-deck, /partner-portal","Save Contact button, Email links, Phone links, LinkedIn links, Website links, Navigation buttons",None,Complete,"This page serves as an informational hub about the team behind Dozier Holdings Group, establishing credibility and providing contact points for potential partners, investors, and employees.",
/home/ubuntu/ai-bot-ecosystem/client/src/pages/TeamBots.tsx,TeamBots,"The TeamBots page displays detailed profiles of AI assistants, each tailored to support a specific team member with specialized capabilities and integrations.","Bot profiles,Tabbed navigation,Capability listings,Integration badges","The page features a clean, modern design with a card-based layout and a tabbed interface. It uses a distinct color for each bot (blue, purple, green, orange, red) and icons to represent capabilities.","Home,Team Bots,Capabilities,Implementation","Tabs,Navigation links",None,Complete,"This page acts as a central directory for the AI assistants in the ecosystem, offering a comprehensive overview of each bot's role and capabilities. It clarifies how the AI team is structured and what each member can do.",
/home/ubuntu/ai-bot-ecosystem/client/src/pages/Training.tsx,Training,"This page allows users to find and explore elite training programs, professional trainers, and nearby gyms.","AI Personal Trainer, Training Program Browser, Elite Trainer Profiles, Gym Finder, Category Filtering",Dark gradient theme (dark blue/purple) with orange as the primary accent color. Uses a responsive grid layout for content cards.,"/, /home, /store, /training, /pricing","Category filter buttons, Generate My Plan button, Start button, View Profile button, View Details button",None,Complete,"This page acts as the main portal for users to access and engage with the platform's core training services, connecting them with workout plans, coaches, and facilities.",
/home/ubuntu/ai-bot-ecosystem/client/src/pages/TransferPortal.tsx,TransferPortal,"This page guides student-athletes through the college transfer process, helping them assess their options, improve their skills, find a better-fitting school, and increase their NIL value.","5-step transfer pathway, Benefits of transferring, Statistics on successful transfers, Transfer portal windows information, Direct coach connections, Transfer timeline management, NIL value tracking","The page has a clean and modern design with a gradient background. It uses a primary color for highlights, buttons, and icons. The layout is a single column with different sections, and it uses Card components to display information.","Home, Athlete Playbook, Transfer Portal, NIL Marketplace, Messages, About Us, Our Team","Log In button, Sign Up Free button, Start Your Journey button, Talk to Transfer Advisor button, Get Your Personalized Transfer Plan button, Explore Schools Now button, Schedule Free Consultation button, Start Transfer Process button, Browse Schools button",None,Complete,"This page serves as a comprehensive guide for student-athletes looking to transfer, which is a crucial part of their career. It is a core component of the Athlynx platform, designed to empower athletes in their professional journey.",
/home/ubuntu/ai-bot-ecosystem/client/src/pages/TransferPortalIntelligence.tsx,TransferPortalIntelligence,"Provides real-time data and intelligence on college athletes in the transfer portal, allowing users to search, filter, and analyze information to track and recruit talent.","Athlete search and filtering,NIL valuation data,Trending athlete lists,Portal activity analytics,Subscription tiers for data access,Data export,Alerts on portal activity","Dark theme with a blue and slate gradient background, white and light blue text, and yellow/gold accents for highlights and call-to-action buttons. Cards have a semi-transparent, blurred background.",None,"Search input,Sport select dropdown,Position select dropdown,Set Alerts button,Export Data button,Search button,Pagination buttons,Subscription buttons,Tabs for different sections","trpc.transferPortal.search, trpc.transferPortal.getStats, trpc.transferPortal.getTrending, trpc.transferPortal.getSubscriptionTiers",Complete,"This page acts as a specialized, data-driven tool within the DHG ecosystem, offering in-depth analytics and intelligence on the college athlete transfer market. It serves a niche audience of sports professionals, scouts, and universities who need to make informed decisions about recruiting and talent acquisition.",
/home/ubuntu/ai-bot-ecosystem/client/src/pages/Veterans.tsx,Veterans,"This page is dedicated to supporting veteran athletes by providing resources for career transitions, coaching opportunities, and community engagement.","Veteran-specific programs, success stories of veteran athletes, a VA benefits navigator, and a list of partner organizations.","A dark-themed design with a color palette of dark blue/purple gradients, white text, and red as the primary accent color. The layout is a single-column, centered design with grid-based sections for content.","/, /home, /careers, /veterans, /pricing","Check My Benefits button, Join as Veteran Athlete button",None,Complete,"This page serves as a specialized portal to attract and support veteran athletes, showcasing tailored programs and resources to integrate them into the ATHLYNX ecosystem.",
/home/ubuntu/ai-bot-ecosystem/client/src/pages/WhiteLabel.tsx,WhiteLabel,"This page showcases sport-specific, white-labeled platforms that are built on the same underlying ATHLYNX infrastructure, each with custom branding and features for a particular sport.","Displays a grid of sport-specific applications, Shows status (Live or Coming Soon) for each app, Explains the white-label business model, CTA for adding new sports",Dark theme with a blue-to-dark-purple gradient background. Accent colors are cyan and blue. Cards have a semi-transparent dark background with blur effect.,"/, /pricing, /white-label, /diamond-grind","Header navigation links, 'Visit Platform' button, 'Contact Us' button",None,Complete,This page serves as a sales and marketing tool to attract partners or customers who want a customized version of the ATHLYNX platform for their specific sport. It demonstrates the flexibility and scalability of the core product.,
